Workbook

Sheet Dashboard
Z1: RAP | AA1: Promedio Curso | AD1: Componente | AE1: Promedio Grupo | AF1: Estudiante Seleccionado
A2: Dashboard de Rendimiento Académico | Z2: RAP 1 | AA2: =AVERAGE(Base_Notas!G2:G95) -> 3.3454545 | AD2: RAP 1: Fundamentos (C1) | AE2: =AVERAGE(Base_Notas!G2:G95) -> 3.3454545 | AF2: =VLOOKUP($A$12, Base_Notas!$B$2:$V$95, 6, FALSE) -> 2.6333333
A3: Control de Calificaciones y Asistencia | Z3: RAP 2 | AA3: =AVERAGE(Base_Notas!M2:M95) -> 3.7333333 | AD3: RAP 2: Aplicación (C2) | AE3: =AVERAGE(Base_Notas!M2:M95) -> 3.7333333 | AF3: =VLOOKUP($A$12, Base_Notas!$B$2:$V$95, 12, FALSE) -> 2.5666667
A4: TOTAL ESTUDIANTES | C4: PROMEDIO GENERAL CURSO | E4: ESTUDIANTES APROBADOS | G4: REPROBADOS | Z4: RAP 3 | AA4: =AVERAGE(Base_Notas!S2:S95) -> 3.6030303 | AD4: RAP 3: Integración (C3) | AE4: =AVERAGE(Base_Notas!S2:S95) -> 3.6030303 | AF4: =VLOOKUP($A$12, Base_Notas!$B$2:$V$95, 18, FALSE) -> 2
A5: =COUNTA(Base_Notas!B2:B95) -> 11 | C5: =AVERAGE(Base_Notas!U2:U95) -> 3.5648485 | E5: =COUNTIF(Base_Notas!V2:V95, "Cumple Objetivos") -> 9 | G5: =COUNTIF(Base_Notas!V2:V95, "No Cumple") -> 2 | Z5: RAP 4 | AA5: =AVERAGE(Base_Notas!S2:S95)*0.95 -> 3.4228788
Z6: RAP 5 | AA6: =AVERAGE(Base_Notas!G2:G95)*1.02 -> 3.4123636
A9: FILTRO INDIVIDUAL POR ESTUDIANTE | F9: MONITOREO DE ASISTENCIA
A11: Seleccione Alumno: | F11: Retirados del Curso:
A12: ENRIQUEZ ORTIZ JUAN DIEGO | F12: =COUNTIF(Control_Asistencia!AK2:AK59, "Retirado") -> 0
A14: Periodo / Corte | B14: Porcentaje | C14: Nota Obtenida | D14: Estado del Corte | F14: Inasistencias Críticas:
A15: Primer Corte | B15: 30% | C15: =VLOOKUP($A$12, Base_Notas!$B$2:$V$95, 6, FALSE) -> 2.6333333 | D15: =VLOOKUP($A$12, Base_Notas!$B$2:$V$95, 7, FALSE) -> Reprobado | F15: =COUNTIF(Control_Asistencia!AK2:AK59, "Pérdida por Faltas") -> 2
A16: Segundo Corte | B16: 30% | C16: =VLOOKUP($A$12, Base_Notas!$B$2:$V$95, 12, FALSE) -> 2.5666667 | D16: =VLOOKUP($A$12, Base_Notas!$B$2:$V$95, 13, FALSE) -> Reprobado
A17: Tercer Corte | B17: 40% | C17: =VLOOKUP($A$12, Base_Notas!$B$2:$V$95, 18, FALSE) -> 2 | D17: =VLOOKUP($A$12, Base_Notas!$B$2:$V$95, 19, FALSE) -> Reprobado | F17: Alumnos Regulares (OK):
A18: Definitiva Semestre | B18: 100% | C18: =VLOOKUP($A$12, Base_Notas!$B$2:$V$95, 20, FALSE) -> 2.36 | D18: =VLOOKUP($A$12, Base_Notas!$B$2:$V$95, 21, FALSE) -> No Cumple | F18: =COUNTIF(Control_Asistencia!AK2:AK59, "Regular") -> 9
A19: Total Faltas Alumno: | C19: =VLOOKUP($A$12, Control_Asistencia!$B$2:$AK$59, 34, FALSE) -> 6 | D19: =VLOOKUP($A$12, Control_Asistencia!$B$2:$AK$59, 36, FALSE) -> Regular
A21: ESTUDIANTES REPROBADOS (NOTA < 3.0)
A22: Gómez Jaramillo Diana Carolina | B22: Nota Final: | C22: 2.36 | D22: No Cumple
A23: Zapata Ossa Gabriela | B23: Nota Final: | C23: 2.72 | D23: No Cumple

Sheet Base_Notas
A1: Código | B1: Estudiante | C1: C1_T1 | D1: C1_T2 | E1: C1_T3 | F1: Proceso C1 | G1: Nota C1 | H1: Estado C1 | I1: C2_T1 | J1: C2_T2 | K1: C2_T3 | L1: Proceso C2 | M1: Nota C2 | N1: Estado C2 | O1: C3_T1 | P1: C3_T2 | Q1: C3_T3 | R1: Proceso C3 | S1: Nota C3 | T1: Estado C3 | U1: Definitiva Semestre | V1: Objetivo Aprendizaje
A2: 2251405028 | B2: BARCENAS PORTILLA ANDRES FELIPE | C2: 4.2 | D2: 3.8 | E2: 4.5 | F2: =AVERAGE(C2:E2) -> 4.1666667 | G2: =F2 -> 4.1666667 | H2: =IF(G2>=3, "Aprobado", "Reprobado") -> Aprobado | I2: 3.5 | J2: 4 | K2: 3.8 | L2: =AVERAGE(I2:K2) -> 3.7666667 | M2: =L2 -> 3.7666667 | N2: =IF(M2>=3, "Aprobado", "Reprobado") -> Aprobado | O2: 4.1 | P2: 4.3 | Q2: 3.6 | R2: =AVERAGE(O2:Q2) -> 4 | S2: =R2 -> 4 | T2: =IF(S2>=3, "Aprobado", "Reprobado") -> Aprobado | U2: =(G2*0.3)+(L2*0.3)+(R2*0.4) -> 3.98 | V2: =IF(U2>=3, "Cumple Objetivos", "No Cumple") -> Cumple Objetivos
A3: 2251405014 | B3: BENAVIDES CUASTUZA YENELYN DANIELA | C3: 3 | D3: 2.5 | E3: 3.2 | F3: =AVERAGE(C3:E3) -> 2.9 | G3: =F3 -> 2.9 | H3: =IF(G3>=3, "Aprobado", "Reprobado") -> Reprobado | I3: 3.1 | J3: 2.8 | K3: 3.4 | L3: =AVERAGE(I3:K3) -> 3.1 | M3: =L3 -> 3.1 | N3: =IF(M3>=3, "Aprobado", "Reprobado") -> Aprobado | O3: 4 | P3: 3.5 | Q3: 3.3 | R3: =AVERAGE(O3:Q3) -> 3.6 | S3: =R3 -> 3.6 | T3: =IF(S3>=3, "Aprobado", "Reprobado") -> Aprobado | U3: =(G3*0.3)+(L3*0.3)+(R3*0.4) -> 3.24 | V3: =IF(U3>=3, "Cumple Objetivos", "No Cumple") -> Cumple Objetivos
A4: 2251405026 | B4: CHIRAN ROJAS MARIO ANDRES | C4: 5 | D4: 4.8 | E4: 4.9 | F4: =AVERAGE(C4:E4) -> 4.9 | G4: =F4 -> 4.9 | H4: =IF(G4>=3, "Aprobado", "Reprobado") -> Aprobado | I4: 4.5 | J4: 4.7 | K4: 5 | L4: =AVERAGE(I4:K4) -> 4.7333333 | M4: =L4 -> 4.7333333 | N4: =IF(M4>=3, "Aprobado", "Reprobado") -> Aprobado | O4: 4.8 | P4: 4.9 | Q4: 5 | R4: =AVERAGE(O4:Q4) -> 4.9 | S4: =R4 -> 4.9 | T4: =IF(S4>=3, "Aprobado", "Reprobado") -> Aprobado | U4: =(G4*0.3)+(L4*0.3)+(R4*0.4) -> 4.85 | V4: =IF(U4>=3, "Cumple Objetivos", "No Cumple") -> Cumple Objetivos
A5: 2251405030 | B5: ENRIQUEZ ORTIZ JUAN DIEGO | C5: 2.1 | D5: 3 | E5: 2.8 | F5: =AVERAGE(C5:E5) -> 2.6333333 | G5: =F5 -> 2.6333333 | H5: =IF(G5>=3, "Aprobado", "Reprobado") -> Reprobado | I5: 2.5 | J5: 2.2 | K5: 3 | L5: =AVERAGE(I5:K5) -> 2.5666667 | M5: =L5 -> 2.5666667 | N5: =IF(M5>=3, "Aprobado", "Reprobado") -> Reprobado | O5: 3.1 | P5: 2.9 | Q5: 0 | R5: =AVERAGE(O5:Q5) -> 2 | S5: =R5 -> 2 | T5: =IF(S5>=3, "Aprobado", "Reprobado") -> Reprobado | U5: =(G5*0.3)+(L5*0.3)+(R5*0.4) -> 2.36 | V5: =IF(U5>=3, "Cumple Objetivos", "No Cumple") -> No Cumple
A6: 1251405009 | B6: GONZALEZ ARTEAGA GABRIELA | C6: 4 | D6: 4.2 | E6: 3.9 | F6: =AVERAGE(C6:E6) -> 4.0333333 | G6: =F6 -> 4.0333333 | H6: =IF(G6>=3, "Aprobado", "Reprobado") -> Aprobado | I6: 4.1 | J6: 3.8 | K6: 4.3 | L6: =AVERAGE(I6:K6) -> 4.0666667 | M6: =L6 -> 4.0666667 | N6: =IF(M6>=3, "Aprobado", "Reprobado") -> Aprobado | O6: 4.2 | P6: 4 | Q6: 2.1 | R6: =AVERAGE(O6:Q6) -> 3.4333333 | S6: =R6 -> 3.4333333 | T6: =IF(S6>=3, "Aprobado", "Reprobado") -> Aprobado | U6: =(G6*0.3)+(L6*0.3)+(R6*0.4) -> 3.8033333 | V6: =IF(U6>=3, "Cumple Objetivos", "No Cumple") -> Cumple Objetivos
A7: 2251405016 | B7: IBARRA PASTAS DIANA LORENA | C7: 3.5 | D7: 3.2 | E7: 3.8 | F7: =AVERAGE(C7:E7) -> 3.5 | G7: =F7 -> 3.5 | H7: =IF(G7>=3, "Aprobado", "Reprobado") -> Aprobado | I7: 3.9 | J7: 4.1 | K7: 3.7 | L7: =AVERAGE(I7:K7) -> 3.9 | M7: =L7 -> 3.9 | N7: =IF(M7>=3, "Aprobado", "Reprobado") -> Aprobado | O7: 4 | P7: 3.8 | Q7: 1 | R7: =AVERAGE(O7:Q7) -> 2.9333333 | S7: =R7 -> 2.9333333 | T7: =IF(S7>=3, "Aprobado", "Reprobado") -> Reprobado | U7: =(G7*0.3)+(L7*0.3)+(R7*0.4) -> 3.3933333 | V7: =IF(U7>=3, "Cumple Objetivos", "No Cumple") -> Cumple Objetivos
A8: 1251405017 | B8: JANAMEJOY MORA LAURA DANIELA | C8: 1.5 | D8: 2 | E8: 2.5 | F8: =AVERAGE(C8:E8) -> 2 | G8: =F8 -> 2 | H8: =IF(G8>=3, "Aprobado", "Reprobado") -> Reprobado | I8: 3 | J8: 2.8 | K8: 3.1 | L8: =AVERAGE(I8:K8) -> 2.9666667 | M8: =L8 -> 2.9666667 | N8: =IF(M8>=3, "Aprobado", "Reprobado") -> Reprobado | O8: 3.5 | P8: 3.2 | Q8: 2.5 | R8: =AVERAGE(O8:Q8) -> 3.0666667 | S8: =R8 -> 3.0666667 | T8: =IF(S8>=3, "Aprobado", "Reprobado") -> Aprobado | U8: =(G8*0.3)+(L8*0.3)+(R8*0.4) -> 2.7166667 | V8: =IF(U8>=3, "Cumple Objetivos", "No Cumple") -> No Cumple
A9: 1251405025 | B9: JIMENEZ POTOSI EVELIN YENECSY | C9: 4.5 | D9: 4.3 | E9: 4.6 | F9: =AVERAGE(C9:E9) -> 4.4666667 | G9: =F9 -> 4.4666667 | H9: =IF(G9>=3, "Aprobado", "Reprobado") -> Aprobado | I9: 4.2 | J9: 4.5 | K9: 4.4 | L9: =AVERAGE(I9:K9) -> 4.3666667 | M9: =L9 -> 4.3666667 | N9: =IF(M9>=3, "Aprobado", "Reprobado") -> Aprobado | O9: 4.7 | P9: 4.6 | Q9: 2 | R9: =AVERAGE(O9:Q9) -> 3.7666667 | S9: =R9 -> 3.7666667 | T9: =IF(S9>=3, "Aprobado", "Reprobado") -> Aprobado | U9: =(G9*0.3)+(L9*0.3)+(R9*0.4) -> 4.1566667 | V9: =IF(U9>=3, "Cumple Objetivos", "No Cumple") -> Cumple Objetivos
A10: 1251405001 | B10: MARINEZ SALAZAR ABEL STEPHEN | C10: 3.8 | D10: 3.9 | E10: 4.1 | F10: =AVERAGE(C10:E10) -> 3.9333333 | G10: =F10 -> 3.9333333 | H10: =IF(G10>=3, "Aprobado", "Reprobado") -> Aprobado | I10: 3.7 | J10: 4 | K10: 3.9 | L10: =AVERAGE(I10:K10) -> 3.8666667 | M10: =L10 -> 3.8666667 | N10: =IF(M10>=3, "Aprobado", "Reprobado") -> Aprobado | O10: 4.1 | P10: 4.2 | Q10: 3 | R10: =AVERAGE(O10:Q10) -> 3.7666667 | S10: =R10 -> 3.7666667 | T10: =IF(S10>=3, "Aprobado", "Reprobado") -> Aprobado | U10: =(G10*0.3)+(L10*0.3)+(R10*0.4) -> 3.8466667 | V10: =IF(U10>=3, "Cumple Objetivos", "No Cumple") -> Cumple Objetivos
A11: 2251405010 | B11: MOLANO GARZON SARA SOFIA | C11: 2.8 | D11: 3.1 | E11: 2.9 | F11: =AVERAGE(C11:E11) -> 2.9333333 | G11: =F11 -> 2.9333333 | H11: =IF(G11>=3, "Aprobado", "Reprobado") -> Reprobado | I11: 3.2 | J11: 2.9 | K11: 3.1 | L11: =AVERAGE(I11:K11) -> 3.0666667 | M11: =L11 -> 3.0666667 | N11: =IF(M11>=3, "Aprobado", "Reprobado") -> Aprobado | O11: 3 | P11: 3.3 | Q11: 3.2 | R11: =AVERAGE(O11:Q11) -> 3.1666667 | S11: =R11 -> 3.1666667 | T11: =IF(S11>=3, "Aprobado", "Reprobado") -> Aprobado | U11: =(G11*0.3)+(L11*0.3)+(R11*0.4) -> 3.0666667 | V11: =IF(U11>=3, "Cumple Objetivos", "No Cumple") -> Cumple Objetivos
A12: 2251405020 | B12: MORALES CUASPUD YOBANY ALBEIRO | C12: 1 | D12: 2 | E12: 1 | F12: =AVERAGE(C12:E12) -> 1.3333333 | G12: =F12 -> 1.3333333 | H12: =IF(G12>=3, "Aprobado", "Reprobado") -> Reprobado | I12: 4 | J12: 5 | K12: 5 | L12: =AVERAGE(I12:K12) -> 4.6666667 | M12: =L12 -> 4.6666667 | N12: =IF(M12>=3, "Aprobado", "Reprobado") -> Aprobado | O12: 5 | P12: 5 | Q12: 5 | R12: =AVERAGE(O12:Q12) -> 5 | S12: =R12 -> 5 | T12: =IF(S12>=3, "Aprobado", "Reprobado") -> Aprobado | U12: =(G12*0.3)+(L12*0.3)+(R12*0.4) -> 3.8 | V12: =IF(U12>=3, "Cumple Objetivos", "No Cumple") -> Cumple Objetivos

Sheet Control_Asistencia
A1: Código | B1: Estudiante | C1: S1 C1 | D1: S1 C2 | E1: S2 C1 | F1: S2 C2 | G1: S3 C1 | H1: S3 C2 | I1: S4 C1 | J1: S4 C2 | K1: S5 C1 | L1: S5 C2 | M1: S6 C1 | N1: S6 C2 | O1: S7 C1 | P1: S7 C2 | Q1: S8 C1 | R1: S8 C2 | S1: S9 C1 | T1: S9 C2 | U1: S10 C1 | V1: S10 C2 | W1: S11 C1 | X1: S11 C2 | Y1: S12 C1 | Z1: S12 C2 | AA1: S13 C1 | AB1: S13 C2 | AC1: S14 C1 | AD1: S14 C2 | AE1: S15 C1 | AF1: S15 C2 | AG1: S16 C1 | AH1: S16 C2 | AI1: Total Faltas | AJ1: % Inasistencia | AK1: Estado Asistencia
A2: =IF(Base_Notas!A2<>"", Base_Notas!A2, "") -> 2251405028 | B2: =IF(Base_Notas!B2<>"", Base_Notas!B2, "") -> BARCENAS PORTILLA ANDRES FELIPE | C2: 0 | D2: 0 | E2: 0 | F2: 0 | G2: 0 | H2: 0 | I2: 0 | J2: 0 | K2: 0 | L2: 0 | M2: 0 | N2: 0 | O2: 0 | P2: 0 | Q2: 0 | R2: 0 | S2: 0 | T2: 0 | U2: 0 | V2: 0 | W2: 0 | X2: 0 | Y2: 0 | Z2: 0 | AA2: 0 | AB2: 0 | AC2: 0 | AD2: 0 | AE2: 0 | AF2: 0 | AG2: 0 | AH2: 0 | AI2: =IF(B2<>"", SUMIF(C2:AH2, 1), "") -> 0 | AJ2: =IF(B2<>"", AI2/32, "") -> 0 | AK2: =IF(B2="", "", IF(AJ2>0.2, "Pérdida por Faltas", "Regular")) -> Regular
A3: =IF(Base_Notas!A3<>"", Base_Notas!A3, "") -> 2251405014 | B3: =IF(Base_Notas!B3<>"", Base_Notas!B3, "") -> BENAVIDES CUASTUZA YENELYN DANIELA | C3: 1 | D3: 0 | E3: 1 | F3: 0 | G3: 1 | H3: 0 | I3: 1 | J3: 0 | K3: 1 | L3: 0 | M3: 1 | N3: 0 | O3: 1 | P3: 0 | Q3: 1 | R3: 0 | S3: 1 | T3: 0 | U3: 1 | V3: 0 | W3: 1 | X3: 0 | Y3: 1 | Z3: 0 | AA3: 1 | AB3: 0 | AC3: 1 | AD3: 0 | AE3: 1 | AF3: 0 | AG3: 1 | AH3: 0 | AI3: =IF(B3<>"", SUMIF(C3:AH3, 1), "") -> 16 | AJ3: =IF(B3<>"", AI3/32, "") -> 0.5 | AK3: =IF(B3="", "", IF(AJ3>0.2, "Pérdida por Faltas", "Regular")) -> Pérdida por Faltas
A4: =IF(Base_Notas!A4<>"", Base_Notas!A4, "") -> 2251405026 | B4: =IF(Base_Notas!B4<>"", Base_Notas!B4, "") -> CHIRAN ROJAS MARIO ANDRES | C4: 0 | D4: 0 | E4: 0 | F4: 0 | G4: 0 | H4: 0 | I4: 0 | J4: 0 | K4: 0 | L4: 0 | M4: 0 | N4: 0 | O4: 0 | P4: 0 | Q4: 0 | R4: 0 | S4: 0 | T4: 0 | U4: 0 | V4: 0 | W4: 0 | X4: 0 | Y4: 0 | Z4: 0 | AA4: 0 | AB4: 0 | AC4: 0 | AD4: 0 | AE4: 0 | AF4: 0 | AG4: 0 | AH4: 0 | AI4: =IF(B4<>"", SUMIF(C4:AH4, 1), "") -> 0 | AJ4: =IF(B4<>"", AI4/32, "") -> 0 | AK4: =IF(B4="", "", IF(AJ4>0.2, "Pérdida por Faltas", "Regular")) -> Regular
A5: =IF(Base_Notas!A5<>"", Base_Notas!A5, "") -> 2251405030 | B5: =IF(Base_Notas!B5<>"", Base_Notas!B5, "") -> ENRIQUEZ ORTIZ JUAN DIEGO | C5: 1 | D5: 1 | E5: 1 | F5: 0 | G5: 1 | H5: 1 | I5: 1 | J5: 0 | K5: 0 | L5: 0 | M5: 0 | N5: 0 | O5: 0 | P5: 0 | Q5: 0 | R5: 0 | S5: 0 | T5: 0 | U5: 0 | V5: 0 | W5: 0 | X5: 0 | Y5: 0 | Z5: 0 | AA5: 0 | AB5: 0 | AC5: 0 | AD5: 0 | AE5: 0 | AF5: 0 | AG5: 0 | AH5: 0 | AI5: =IF(B5<>"", SUMIF(C5:AH5, 1), "") -> 6 | AJ5: =IF(B5<>"", AI5/32, "") -> 0.1875 | AK5: =IF(B5="", "", IF(AJ5>0.2, "Pérdida por Faltas", "Regular")) -> Regular
A6: =IF(Base_Notas!A6<>"", Base_Notas!A6, "") -> 1251405009 | B6: =IF(Base_Notas!B6<>"", Base_Notas!B6, "") -> GONZALEZ ARTEAGA GABRIELA | C6: 0 | D6: 0 | E6: 0 | F6: 0 | G6: 0 | H6: 0 | I6: 0 | J6: 0 | K6: 0 | L6: 0 | M6: 0 | N6: 0 | O6: 0 | P6: 0 | Q6: 0 | R6: 0 | S6: 0 | T6: 0 | U6: 0 | V6: 0 | W6: 0 | X6: 0 | Y6: 0 | Z6: 0 | AA6: 0 | AB6: 0 | AC6: 0 | AD6: 0 | AE6: 0 | AF6: 0 | AG6: 0 | AH6: 0 | AI6: =IF(B6<>"", SUMIF(C6:AH6, 1), "") -> 0 | AJ6: =IF(B6<>"", AI6/32, "") -> 0 | AK6: =IF(B6="", "", IF(AJ6>0.2, "Pérdida por Faltas", "Regular")) -> Regular
A7: =IF(Base_Notas!A7<>"", Base_Notas!A7, "") -> 2251405016 | B7: =IF(Base_Notas!B7<>"", Base_Notas!B7, "") -> IBARRA PASTAS DIANA LORENA | C7: 0 | D7: 0 | E7: 0 | F7: 0 | G7: 0 | H7: 0 | I7: 0 | J7: 0 | K7: 0 | L7: 0 | M7: 0 | N7: 0 | O7: 0 | P7: 0 | Q7: 0 | R7: 0 | S7: 0 | T7: 0 | U7: 0 | V7: 0 | W7: 0 | X7: 0 | Y7: 0 | Z7: 0 | AA7: 0 | AB7: 0 | AC7: 0 | AD7: 0 | AE7: 0 | AF7: 0 | AG7: 0 | AH7: 0 | AI7: =IF(B7<>"", SUMIF(C7:AH7, 1), "") -> 0 | AJ7: =IF(B7<>"", AI7/32, "") -> 0 | AK7: =IF(B7="", "", IF(AJ7>0.2, "Pérdida por Faltas", "Regular")) -> Regular
A8: =IF(Base_Notas!A8<>"", Base_Notas!A8, "") -> 1251405017 | B8: =IF(Base_Notas!B8<>"", Base_Notas!B8, "") -> JANAMEJOY MORA LAURA DANIELA | C8: 1 | D8: 1 | E8: 1 | F8: 1 | G8: 1 | H8: 1 | I8: 1 | J8: 1 | K8: 0 | L8: 0 | M8: 0 | N8: 0 | O8: 0 | P8: 0 | Q8: 0 | R8: 0 | S8: 0 | T8: 0 | U8: 0 | V8: 0 | W8: 0 | X8: 0 | Y8: 0 | Z8: 0 | AA8: 0 | AB8: 0 | AC8: 0 | AD8: 0 | AE8: 0 | AF8: 0 | AG8: 0 | AH8: 0 | AI8: =IF(B8<>"", SUMIF(C8:AH8, 1), "") -> 8 | AJ8: =IF(B8<>"", AI8/32, "") -> 0.25 | AK8: =IF(B8="", "", IF(AJ8>0.2, "Pérdida por Faltas", "Regular")) -> Pérdida por Faltas
A9: =IF(Base_Notas!A9<>"", Base_Notas!A9, "") -> 1251405025 | B9: =IF(Base_Notas!B9<>"", Base_Notas!B9, "") -> JIMENEZ POTOSI EVELIN YENECSY | C9: 0 | D9: 0 | E9: 0 | F9: 0 | G9: 0 | H9: 0 | I9: 0 | J9: 0 | K9: 0 | L9: 0 | M9: 0 | N9: 0 | O9: 0 | P9: 0 | Q9: 0 | R9: 0 | S9: 0 | T9: 0 | U9: 0 | V9: 0 | W9: 0 | X9: 0 | Y9: 0 | Z9: 0 | AA9: 0 | AB9: 0 | AC9: 0 | AD9: 0 | AE9: 0 | AF9: 0 | AG9: 0 | AH9: 0 | AI9: =IF(B9<>"", SUMIF(C9:AH9, 1), "") -> 0 | AJ9: =IF(B9<>"", AI9/32, "") -> 0 | AK9: =IF(B9="", "", IF(AJ9>0.2, "Pérdida por Faltas", "Regular")) -> Regular
A10: =IF(Base_Notas!A10<>"", Base_Notas!A10, "") -> 1251405001 | B10: =IF(Base_Notas!B10<>"", Base_Notas!B10, "") -> MARINEZ SALAZAR ABEL STEPHEN | C10: 0 | D10: 0 | E10: 0 | F10: 0 | G10: 0 | H10: 0 | I10: 0 | J10: 0 | K10: 0 | L10: 0 | M10: 0 | N10: 0 | O10: 0 | P10: 0 | Q10: 0 | R10: 0 | S10: 0 | T10: 0 | U10: 0 | V10: 0 | W10: 0 | X10: 0 | Y10: 0 | Z10: 0 | AA10: 0 | AB10: 0 | AC10: 0 | AD10: 0 | AE10: 0 | AF10: 0 | AG10: 0 | AH10: 0 | AI10: =IF(B10<>"", SUMIF(C10:AH10, 1), "") -> 0 | AJ10: =IF(B10<>"", AI10/32, "") -> 0 | AK10: =IF(B10="", "", IF(AJ10>0.2, "Pérdida por Faltas", "Regular")) -> Regular
A11: =IF(Base_Notas!A11<>"", Base_Notas!A11, "") -> 2251405010 | B11: =IF(Base_Notas!B11<>"", Base_Notas!B11, "") -> MOLANO GARZON SARA SOFIA | C11: 0 | D11: 0 | E11: 0 | F11: 0 | G11: 0 | H11: 0 | I11: 0 | J11: 0 | K11: 0 | L11: 0 | M11: 0 | N11: 0 | O11: 0 | P11: 0 | Q11: 0 | R11: 0 | S11: 0 | T11: 0 | U11: 0 | V11: 0 | W11: 0 | X11: 0 | Y11: 0 | Z11: 0 | AA11: 0 | AB11: 0 | AC11: 0 | AD11: 0 | AE11: 0 | AF11: 0 | AG11: 0 | AH11: 0 | AI11: =IF(B11<>"", SUMIF(C11:AH11, 1), "") -> 0 | AJ11: =IF(B11<>"", AI11/32, "") -> 0 | AK11: =IF(B11="", "", IF(AJ11>0.2, "Pérdida por Faltas", "Regular")) -> Regular
A12: =IF(Base_Notas!A12<>"", Base_Notas!A12, "") -> 2251405020 | B12: =IF(Base_Notas!B12<>"", Base_Notas!B12, "") -> MORALES CUASPUD YOBANY ALBEIRO | C12: 1 | D12: 0 | E12: 0 | F12: 0 | G12: 0 | H12: 0 | I12: 0 | J12: 0 | K12: 0 | L12: 1 | M12: 0 | N12: 1 | O12: 1 | P12: 1 | Q12: 1 | R12: 0 | S12: 0 | T12: 0 | U12: 0 | V12: 0 | W12: 0 | X12: 0 | Y12: 0 | Z12: 0 | AA12: 0 | AB12: 0 | AC12: 0 | AD12: 0 | AE12: 0 | AF12: 0 | AG12: 0 | AH12: 0 | AI12: =IF(B12<>"", SUMIF(C12:AH12, 1), "") -> 6 | AJ12: =IF(B12<>"", AI12/32, "") -> 0.1875 | AK12: =IF(B12="", "", IF(AJ12>0.2, "Pérdida por Faltas", "Regular")) -> Regular
A13: =IF(Base_Notas!A54<>"", Base_Notas!A54, "") | B13: =IF(Base_Notas!B54<>"", Base_Notas!B54, "") | AI13: =IF(B13<>"", SUMIF(C13:AH13, 1), "") | AJ13: =IF(B13<>"", AI13/32, "") | AK13: =IF(B13="", "", IF(AJ13>0.2, "Pérdida por Faltas", "Regular"))
A14: =IF(Base_Notas!A55<>"", Base_Notas!A55, "") | B14: =IF(Base_Notas!B55<>"", Base_Notas!B55, "") | AI14: =IF(B14<>"", SUMIF(C14:AH14, 1), "") | AJ14: =IF(B14<>"", AI14/32, "") | AK14: =IF(B14="", "", IF(AJ14>0.2, "Pérdida por Faltas", "Regular"))
A15: =IF(Base_Notas!A56<>"", Base_Notas!A56, "") | B15: =IF(Base_Notas!B56<>"", Base_Notas!B56, "") | AI15: =IF(B15<>"", SUMIF(C15:AH15, 1), "") | AJ15: =IF(B15<>"", AI15/32, "") | AK15: =IF(B15="", "", IF(AJ15>0.2, "Pérdida por Faltas", "Regular"))
A16: =IF(Base_Notas!A57<>"", Base_Notas!A57, "") | B16: =IF(Base_Notas!B57<>"", Base_Notas!B57, "") | AI16: =IF(B16<>"", SUMIF(C16:AH16, 1), "") | AJ16: =IF(B16<>"", AI16/32, "") | AK16: =IF(B16="", "", IF(AJ16>0.2, "Pérdida por Faltas", "Regular"))
A17: =IF(Base_Notas!A58<>"", Base_Notas!A58, "") | B17: =IF(Base_Notas!B58<>"", Base_Notas!B58, "") | AI17: =IF(B17<>"", SUMIF(C17:AH17, 1), "") | AJ17: =IF(B17<>"", AI17/32, "") | AK17: =IF(B17="", "", IF(AJ17>0.2, "Pérdida por Faltas", "Regular"))
A18: =IF(Base_Notas!A59<>"", Base_Notas!A59, "") | B18: =IF(Base_Notas!B59<>"", Base_Notas!B59, "") | AI18: =IF(B18<>"", SUMIF(C18:AH18, 1), "") | AJ18: =IF(B18<>"", AI18/32, "") | AK18: =IF(B18="", "", IF(AJ18>0.2, "Pérdida por Faltas", "Regular"))
A19: =IF(Base_Notas!A60<>"", Base_Notas!A60, "") | B19: =IF(Base_Notas!B60<>"", Base_Notas!B60, "") | AI19: =IF(B19<>"", SUMIF(C19:AH19, 1), "") | AJ19: =IF(B19<>"", AI19/32, "") | AK19: =IF(B19="", "", IF(AJ19>0.2, "Pérdida por Faltas", "Regular"))
A20: =IF(Base_Notas!A61<>"", Base_Notas!A61, "") | B20: =IF(Base_Notas!B61<>"", Base_Notas!B61, "") | AI20: =IF(B20<>"", SUMIF(C20:AH20, 1), "") | AJ20: =IF(B20<>"", AI20/32, "") | AK20: =IF(B20="", "", IF(AJ20>0.2, "Pérdida por Faltas", "Regular"))
A21: =IF(Base_Notas!A62<>"", Base_Notas!A62, "") | B21: =IF(Base_Notas!B62<>"", Base_Notas!B62, "") | AI21: =IF(B21<>"", SUMIF(C21:AH21, 1), "") | AJ21: =IF(B21<>"", AI21/32, "") | AK21: =IF(B21="", "", IF(AJ21>0.2, "Pérdida por Faltas", "Regular"))
A22: =IF(Base_Notas!A63<>"", Base_Notas!A63, "") | B22: =IF(Base_Notas!B63<>"", Base_Notas!B63, "") | AI22: =IF(B22<>"", SUMIF(C22:AH22, 1), "") | AJ22: =IF(B22<>"", AI22/32, "") | AK22: =IF(B22="", "", IF(AJ22>0.2, "Pérdida por Faltas", "Regular"))
A23: =IF(Base_Notas!A64<>"", Base_Notas!A64, "") | B23: =IF(Base_Notas!B64<>"", Base_Notas!B64, "") | AI23: =IF(B23<>"", SUMIF(C23:AH23, 1), "") | AJ23: =IF(B23<>"", AI23/32, "") | AK23: =IF(B23="", "", IF(AJ23>0.2, "Pérdida por Faltas", "Regular"))
A24: =IF(Base_Notas!A65<>"", Base_Notas!A65, "") | B24: =IF(Base_Notas!B65<>"", Base_Notas!B65, "") | AI24: =IF(B24<>"", SUMIF(C24:AH24, 1), "") | AJ24: =IF(B24<>"", AI24/32, "") | AK24: =IF(B24="", "", IF(AJ24>0.2, "Pérdida por Faltas", "Regular"))
... A58: =IF(Base_Notas!A99<>"", Base_Notas!A99, "") | B58: =IF(Base_Notas!B99<>"", Base_Notas!B99, "") | AI58: =IF(B58<>"", SUMIF(C58:AH58, 1), "") | AJ58: =IF(B58<>"", AI58/32, "") | AK58: =IF(B58="", "", IF(AJ58>0.2, "Pérdida por Faltas", "Regular"))

Sheet Competencias y rap
B1: COMPETENCIAS DEL PROGRAMA | C1: COMPETENCIAS CENTRALES DEL ESPACIO ACADÉMICO | D1: RESULTADO DE APRENDIZAJE DEL ESPACIO ACADÉMICO | E1: CRITERIOS DE EVALUACIÓN
A2: 1 | B2: Cp1. Creará proyectos de arquitectura de manera innovadora bajo un pensamiento crítico y propositivo de tal manera que satisfaga los requerimientos del ser humano, la sociedad y su contexto y el medio ambiente. | C2: * genéricas o transversales Configura un proyecto arquitectónico integral que dialoga y aporta adecuadamente a la ciudad y a la población beneficiada | D2: RAP1.PROYECTUAL: Al finalizar exitosamente la formación profesional, el estudiante de Arquitectura crea proyectos arquitectonicos que resuelvan los requerimientos básicos del ser humano, la sociedad y su contexto construido. | E2: Configura y crea la funcionalidad del diseño arquitectónico propuesto; evidenciado en la funcionalidad de cada una de las plantas de trabajo, en los cortes del proyecto y en las fachadas propuestas
E3: Configura y crea el diseño interior de los diferentes espacios del proyecto; evidenciado en la espacialidad propuesta; materiales propuestos, y relación de los diferentes espacios
E4: Maneja los conceptos básicos de composición en arquitectura desde el concepto incial de diseño, pasando por el proceso de abstracción hasta el modelo germen de maqueta abstacta generadora de forma.
A5: 2 | B5: Cp2. Formulará proyectos investigativos emprendedores e innovadores como parte activa de grupos de trabajo tanto en equipo como de manera autonoma en un contexto local, internacional o multidisciplianar al servicio de los nuevos paradigmas que la sociedad demanda. | C5: * específicas Contrasta las diferentes normativas, con la realidad urbana, social y cultural del municipio y sector a intervenir, para lograr una adecuada intervención arquitectónica que aporte a escala ciudad | D5: RAP2.ENFASIS E INVESTIGACIÓN: Al finalizar exitosamente la formación profesional, el estudiante de Arquitectura será capaz de emitir formulaciones teóricas, de forma integral, en respaldo a equipos de estudio en permanente autoformación en la búsqueda por construir la ciudad del siglo XXI como realidad urbana y social | E5: Reconoce el proceso investigativo necesario para analizar el contexto en el que va a trabajar, teniendo en cuenta el territorio donde se desarrollara el proyecto arquitectónico.
A6: 3 | B6: Cp3. Argumentará de forma técnica y profesional proyectos arquitectonicos a través del manejo los medios y herramientas de comunicación oral, escrita, grafica y volumétrica de las propuestas planteadas. | C6: * genéricas o transversales Configura un proyecto arquitectónico integral que dialoga y aporta adecuadamente a la ciudad y a la población beneficiada | D6: RAP3. TECNOLÓGICO Y PRACTICO: Al finalizar exitosamente la formación profesional, el estudiante de Arquitectura logrará una argumentación justificada de sus proyectos a traves del uso adecuado de la tecnología, los sistemas constructivos, la gestión, la programación, la elaboración de presupuestos, costos y beneficios, dirección y supervición de la construcción de obras civiles en sus diferentes escalas. | E6: Ordena la representación gráfica y conceptual de las planchas y matrrices con una diagramación adecuada, legible, ordenada, sintética, acompañada con textos explicitos (redacción con ortografía) y concretos.
E7: Expresa sus ideas tridimensionalmente a través de maquetas.
E8: Explica sus ideas a través de planos de acuerdo a los formatos establecidos.
A9: 4 | B9: Cp4. Manejará la tecnología, los sistemas constructivos y estructurales de acuerdo con las tendencias constructivas aplicadas a la arquitectura. | C9: * básicas: Aplicará adecuadamente la normativa urbana, de sismo rresistencia a nivel de predimensionamiento y la normativa técnica del tema a diseñar,en su proyecto arquitectónico | D9: RAP4. COMUNICACIÓN Y REPRESENTACIÓN ESPACIAL: Al finalizar exitosamente la formación profesional, el estudiante de Arquitectura logrará el manejo de herramientas para la formulación oral, escrita, gráfica y volumétrica de las creaciones arquitectónicas planteadas. | E9: Selecciona la propuesta estructural básica de predimensionado del proyecto arquitectónico diseñado; evidenciado en la propuesta estructural en plantas, cortes y fachadas, asi como con el manejo en el diseño del sistema constructivo y técnica constructiva planteados. Instalaciones
A10: 5 | B10: Cp5. Evaluará con un pensamiento Critico y Autocritico las valoraciones y producciones arquitectónicas en el plano tradicional, contemporaneo y de vanguardia. | C10: * básicas: Aplicará adecuadamente la normativa urbana, de sismo rresistencia a nivel de predimensionamiento y la normativa técnica del tema a diseñar,en su proyecto arquitectónico | D10: RAP5.HISTORIA TEORÍA Y CRÍTICA: Al finalizar exitosamente la formación profesional, el estudiante de Arquitectura será capaz de emitir juicios, valorolaciones y juzgamientos de la arquitectura con datos y hechos comprobados frente a temas de debate y valoración arqitectónicos actuales, tanto locales como globales. | E10: Expresa de manera clara su proceso de propuesta de implantacion desde el analisis hasta el proceso de adherencia al contexto, evidenciado en la aplicación e implantación del proyecto arquitectónico. Aplicar criterios de proporción aurea a fachada de proyecto.
A12: ¿Cómo se evalúan los Resultados de Aprendizaje (RAP) a lo largo del semestre?
A14: En el diseño curricular y pedagógico de tu materia, los Resultados de Aprendizaje (RAP) se evalúan de forma acumulativa y progresiva vinculados directamente a los tres cortes académicos establecidos en la hoja Base_Notas. Su lógica interna opera de la siguiente manera:
A16: RAP 1 (Proyectual - Creación básica): Se evalúa y consolida al finalizar el Primer Corte. Su desempeño se mapea directamente con la nota final obtenida en este bloque inicial (ponderación del 30%).
A18: RAP 2 y RAP 5 (Énfasis / Histórico-Crítico): Se consolidan con el contenido avanzado durante el Segundo Corte (ponderación del 30%). Un estudiante demuestra su logro en estas áreas si asimila los marcos teóricos y territoriales medidos en este periodo.
A20: RAP 3 y RAP 4 (Tecnológico-Práctico / Comunicación y Representación): Se miden y consolidan a través del Tercer Corte (ponderación del 40%), que evalúa el ensamble técnico final, presupuestos y la calidad gráfica de la entrega o sustentación final del proyecto arquitectónico.
A22: Estado de Logro: Si el estudiante obtiene una nota igual o superior a 3.00 en el corte correspondiente, el sistema cambia automáticamente su estado a "Logrado" en el panel; de lo contrario, permanecerá en "En Proceso".
